candidate_id	species	ligand	receptor	doi	status	reason
H-01	Oryza sativa	OsIMP1	OsRLK5	10.1016/j.molp.2025.09.015	hold	Original abstract says directly binds, but the pair-specific assay or structure panel could not be independently recovered for this release.
H-02	Oryza sativa	OsRALF17/OsRALF19	OsMTD2	10.1111/jipb.13508	hold	Original abstract says bind; exact individual pair-level physical assay was not recovered. The 2025 RUPO paper calls RUPO putative and reports response/colocalization, not purified RUPO-ligand binding.
H-03	Arabidopsis thaliana	PCP-B-class peptides	ANJEA-FERONIA complex	10.1126/science.abc6107	hold	Original abstract reports competition for complex binding, but exact PCP-B peptide identities and their individual wet-lab binding panels remain unresolved.
H-04	Arabidopsis thaliana	CLE19	BAM3/SERK1/2	10.1093/plphys/kiag599	hold	Abstract reports complex assembly and modeling; no independently located direct CLE19-BAM3 binding trace.
H-05	Lotus japonicus	CLE-RS1	HAR1	10.1038/ncomms3191	hold	Competition against labelled CLE-RS2 alone does not demonstrate a CLE-RS1-HAR1 physical complex.
H-07	Arabidopsis thaliana	CIF3	GSO2	10.1073/pnas.1911553117	hold	Cited figure tests CIF3-GSO1, not CIF3-GSO2.
H-08	Arabidopsis thaliana	AtPep2/3/5/6	PEPR1/2	10.1105/tpc.109.068874	hold	Cited assay is competition; these exact peptide-receptor complexes were not individually demonstrated.
H-09	Arabidopsis thaliana	PSK	AtPSKR1	10.1038/nature14858	exclude	Cited structure/assay used carrot DcPSKR1, not Arabidopsis AtPSKR1.
H-10	Oryza sativa	PSK-alpha	120/160-kDa rice membrane binding proteins	10.1074/jbc.275.20.15520	hold	Radioligand/photoaffinity binding is real, but the 120/160-kDa receptor proteins were not molecularly identified for a named receptor record.
H-11	Zea mays	FCP1/CLE peptides	FEA receptors		hold	Genetic pathway assignment found; no pair-specific physical binding assay confirmed in this search.
PPR-1	Arabidopsis thaliana	CLV3 mature peptide	CLV1 ectodomain	10.1126/science.1150083	hold; withdrawn from strict release	Original paper states CLV3–CLV1 binding, but a pair-level original figure or table was not recovered. Remaining check: Inspect the primary binding panel and peptide identity before readmission.
PPR-2	Arabidopsis thaliana	RALF1	FERONIA (FER)	10.1126/science.1244454	hold; withdrawn from strict release	The primary figure shows a RALF peptide binding FERONIA, but the accessible main article does not identify that peptide as RALF1; the submitted record is RALF1-specific. Remaining check: Inspect original supplementary peptide sequence or reagent identity before readmission as RALF1–FER.
PPR-5	Solanum lycopersicum	systemin	SYR1	10.1038/s41477-018-0106-0	hold; withdrawn from strict release	The primary figure for systemin–SYR1 binding could not be inspected from the accessible publisher page. Remaining check: Inspect the original pair-level biochemical binding panel or supporting data.
PPR-37	Medicago truncatula	fluorescent, biologically active MtCEP1 mature peptide	MtCRA2	10.1093/jxb/erab244	hold; withdrawn from strict release	The paper describes visualizing MtCEP1–CRA2 association in tissue; a pair-level physical-binding experiment and controls were not independently inspected. Remaining check: Inspect the primary in-vivo binding/competition panels and establish that colocalization alone is not the only evidence.
PPR-86	Arabidopsis thaliana	arabinosylated CLV3	BAM1	10.1111/tpj.12817	hold; withdrawn from strict release	A pair-level original binding figure for arabinosylated CLV3–BAM1 was not accessible for independent inspection. Remaining check: Inspect the original photoaffinity or quantitative binding panel and its ligand form.
PPR-89	Triticum aestivum	DEP2 mature phytocytokine	DEPR1 extracellular LRR domain	10.1016/j.molp.2025.10.005	hold; withdrawn from strict release	The original abstract reports DEP2 bound to DEPR1 in a cryo-EM complex, but the structural panel and exact assayed DEPR1 homoeologue were inaccessible. Remaining check: Inspect the primary structure/biochemistry and verify DEPR1-B construct identity; this is relevant to the manuscript.
PPR-105	Glycine max	soybean 4-kDa leginsulin peptide	soybean 43-kDa receptor-like protein	10.1021/bi049587a	hold; withdrawn from strict release	The original abstract reports SPR for soybean leginsulin and a 43-kDa receptor-like protein, but the pair-level original sensorgram was inaccessible. Remaining check: Inspect the original SPR panel and molecular identity.
PPR-107	Arabidopsis thaliana	mature sulfated PSY5 peptide	PSYR1	10.1126/science.abq5735	hold; withdrawn from strict release	The original pair-level PSY5–PSYR1 assay/structure panel was not independently inspected. Remaining check: Inspect the original primary figure or supplement for this exact combination.
PPR-108	Arabidopsis thaliana	mature sulfated PSY5 peptide	PSYR2	10.1126/science.abq5735	hold; withdrawn from strict release	The original pair-level PSY5–PSYR2 assay/structure panel was not independently inspected. Remaining check: Inspect the original primary figure or supplement for this exact combination.
PPR-109	Arabidopsis thaliana	mature sulfated PSY5 peptide	PSYR3	10.1126/science.abq5735	hold; withdrawn from strict release	The original pair-level PSY5–PSYR3 assay/structure panel was not independently inspected. Remaining check: Inspect the original primary figure or supplement for this exact combination.
PPR-110	Arabidopsis thaliana	mature sulfated PSY6 peptide	PSYR1	10.1126/science.abq5735	hold; withdrawn from strict release	The original pair-level PSY6–PSYR1 assay/structure panel was not independently inspected. Remaining check: Inspect the original primary figure or supplement for this exact combination.
PPR-111	Arabidopsis thaliana	mature sulfated PSY6 peptide	PSYR2	10.1126/science.abq5735	hold; withdrawn from strict release	The original pair-level PSY6–PSYR2 assay/structure panel was not independently inspected. Remaining check: Inspect the original primary figure or supplement for this exact combination.
PPR-112	Arabidopsis thaliana	mature sulfated PSY6 peptide	PSYR3	10.1126/science.abq5735	hold; withdrawn from strict release	The original pair-level PSY6–PSYR3 assay/structure panel was not independently inspected. Remaining check: Inspect the original primary figure or supplement for this exact combination.
