pair_id	decision	primary_evidence_location	source_url	rationale	remaining_gap
PPR-1	hold	Original Science abstract only	https://doi.org/10.1126/science.1150083	Original paper states CLV3–CLV1 binding, but a pair-level original figure or table was not recovered.	Inspect the primary binding panel and peptide identity before readmission.
PPR-2	hold	Original Fig. 4B–D, PMC4672726	https://pmc.ncbi.nlm.nih.gov/articles/PMC4672726/	The primary figure shows a RALF peptide binding FERONIA, but the accessible main article does not identify that peptide as RALF1; the submitted record is RALF1-specific.	Inspect original supplementary peptide sequence or reagent identity before readmission as RALF1–FER.
PPR-4	retain_verified	Original Fig. 1C, PMC7007523	https://pmc.ncbi.nlm.nih.gov/articles/PMC7007523/	GCI sensorgrams and fitted kinetics show sulfated CIF2 binding purified SGN3/GSO1 ectodomain.	None for the mature peptide–receptor contact.
PPR-5	hold	Original abstract only	https://doi.org/10.1038/s41477-018-0106-0	The primary figure for systemin–SYR1 binding could not be inspected from the accessible publisher page.	Inspect the original pair-level biochemical binding panel or supporting data.
PPR-11	retain_verified	Original Figs. 2–4, PMC1502513	https://pmc.ncbi.nlm.nih.gov/articles/PMC1502513/	Radioiodinated AtPep1 binding and photoaffinity labeling identify PEPR1 (At1g73080); the relevant original panels and captions were inspected.	None for AtPep1–PEPR1.
PPR-12	retain_verified	Original Fig. 1a–c, PMC10247778	https://pmc.ncbi.nlm.nih.gov/articles/PMC10247778/	CLE19–PXL1 direct interaction is shown by gel filtration–MALDI-TOF, ITC (about 346 nM), and dot blot; original figure inspected.	None for the mature peptide–receptor contact.
PPR-13	retain_verified	Original Figs. 1 and 3, PMC5383425	https://pmc.ncbi.nlm.nih.gov/articles/PMC5383425/	The TDR–TDIF co-structure and ITC measurements for wild-type TDIF (about 103 nM) were inspected.	Precursor-locus assignment remains peptide-sequence based and is disclosed in the record.
PPR-21	retain_verified	Original Fig. 1a,c, PMC5673899	https://pmc.ncbi.nlm.nih.gov/articles/PMC5673899/	AtLURE1.2–PRK6 ectodomain pull-down and ITC (about 3.1 µM) were inspected.	None for the measured protein pair.
PPR-37	hold	Original abstract only	https://doi.org/10.1093/jxb/erab244	The paper describes visualizing MtCEP1–CRA2 association in tissue; a pair-level physical-binding experiment and controls were not independently inspected.	Inspect the primary in-vivo binding/competition panels and establish that colocalization alone is not the only evidence.
PPR-39	retain_verified	Original Fig. 1C, PMC7007523	https://pmc.ncbi.nlm.nih.gov/articles/PMC7007523/	GCI sensorgrams and fitted kinetics show sulfated CIF1 binding purified SGN3/GSO1 ectodomain.	None for the mature peptide–receptor contact.
PPR-43	retain_verified	Original Fig. 6B–D, PMC2845411	https://pmc.ncbi.nlm.nih.gov/articles/PMC2845411/	Radiolabeled Pep1 photoaffinity labeling and saturable binding were shown for PEPR2-expressing tobacco cells; original figure inspected.	None for AtPep1–PEPR2.
PPR-84	retain_verified	Original Fig. 1A–B, PMC5143417	https://pmc.ncbi.nlm.nih.gov/articles/PMC5143417/	SCR9–SRK9 extracellular-domain co-elution, SDS-PAGE, and co-crystal structure were inspected.	None for SCR9–SRK9 ECD association.
PPR-86	hold	Original abstract only	https://doi.org/10.1111/tpj.12817	A pair-level original binding figure for arabinosylated CLV3–BAM1 was not accessible for independent inspection.	Inspect the original photoaffinity or quantitative binding panel and its ligand form.
PPR-89	hold	Original paper abstract only	https://doi.org/10.1016/j.molp.2025.10.005	The original abstract reports DEP2 bound to DEPR1 in a cryo-EM complex, but the structural panel and exact assayed DEPR1 homoeologue were inaccessible.	Inspect the primary structure/biochemistry and verify DEPR1-B construct identity; this is relevant to the manuscript.
PPR-105	hold	Original paper abstract only	https://doi.org/10.1021/bi049587a	The original abstract reports SPR for soybean leginsulin and a 43-kDa receptor-like protein, but the pair-level original sensorgram was inaccessible.	Inspect the original SPR panel and molecular identity.
PPR-106	retain_verified	Original Fig. 2B, PMC5894845	https://pmc.ncbi.nlm.nih.gov/articles/PMC5894845/	SPR sensorgrams for mature PSK against purified tomato PSKR1 ectodomain were inspected.	None for mature PSK–SlPSKR1.
PPR-107	hold	Original Science abstract plus secondary account only	https://doi.org/10.1126/science.abq5735	The original pair-level PSY5–PSYR1 assay/structure panel was not independently inspected.	Inspect the original primary figure or supplement for this exact combination.
PPR-108	hold	Original Science abstract plus secondary account only	https://doi.org/10.1126/science.abq5735	The original pair-level PSY5–PSYR2 assay/structure panel was not independently inspected.	Inspect the original primary figure or supplement for this exact combination.
PPR-109	hold	Original Science abstract plus secondary account only	https://doi.org/10.1126/science.abq5735	The original pair-level PSY5–PSYR3 assay/structure panel was not independently inspected.	Inspect the original primary figure or supplement for this exact combination.
PPR-110	hold	Original Science abstract plus secondary account only	https://doi.org/10.1126/science.abq5735	The original pair-level PSY6–PSYR1 assay/structure panel was not independently inspected.	Inspect the original primary figure or supplement for this exact combination.
PPR-111	hold	Original Science abstract plus secondary account only	https://doi.org/10.1126/science.abq5735	The original pair-level PSY6–PSYR2 assay/structure panel was not independently inspected.	Inspect the original primary figure or supplement for this exact combination.
PPR-112	hold	Original Science abstract plus secondary account only	https://doi.org/10.1126/science.abq5735	The original pair-level PSY6–PSYR3 assay/structure panel was not independently inspected.	Inspect the original primary figure or supplement for this exact combination.
